Crash Year,Crash Month,Crash Day,Time of Day,City or Township,Crash: Intersection,Crash: Hit-and-Run,Lighting Conditions,Highway Class,Highway Number,Speed Limit at Crash Site,Weather Conditions (2016+),Worst Injury in Crash,Traffic Control,Trafficway,Crash Type
2006,June,28,10:00 AM - 11:00 AM,Wayne County: Detroit,Not intersection crash,Not hit-and-run,Daylight,"County road, city street, or unknown",Local road or unknown,25,Uncoded & errors,Possible injury (C),None,Not physically divided (two-way trafficway),Single motor vehicle
2006,January,24,7:00 PM - 8:00 PM,Wayne County: Detroit,Not intersection crash,Hit-and-run,Dark lighted,Michigan route,M-5,35,Uncoded & errors,Suspected minor injury (B),None,Not physically divided (two-way trafficway),Single motor vehicle
2006,June,26,3:00 PM - 4:00 PM,Wayne County: Detroit,Intersection crash,Not hit-and-run,Daylight,"County road, city street, or unknown",Local road or unknown,30,Uncoded & errors,Fatal injury (K),None,Not physically divided (two-way trafficway),Single motor vehicle
2006,September,27,8:00 AM - 9:00 AM,Wayne County: Detroit,Intersection crash,Not hit-and-run,Daylight,"County road, city street, or unknown",Local road or unknown,25,Uncoded & errors,Suspected minor injury (B),Stop sign,Uncoded & errors,Other / unknown
2006,March,2,3:00 PM - 4:00 PM,Wayne County: Dearborn Heights,Intersection crash,Not hit-and-run,Daylight,"County road, city street, or unknown",Local road or unknown,25,Uncoded & errors,Suspected minor injury (B),None,Uncoded & errors,Single motor vehicle
2006,November,10,12:00 noon - 1:00 PM,Wayne County: Detroit,Not intersection crash,Not hit-and-run,Daylight,Michigan route,M-53,35,Uncoded & errors,Suspected serious injury (A),None,Uncoded & errors,Angle
2006,October,13,12:00 noon - 1:00 PM,Wayne County: Detroit,Not intersection crash,Hit-and-run,Dark lighted,"County road, city street, or unknown",Local road or unknown,35,Uncoded & errors,No injury (O),None,Uncoded & errors,Single motor vehicle
2006,March,20,2:00 PM - 3:00 PM,Wayne County: Brownstown Twp.,Intersection crash,Not hit-and-run,Daylight,U.S. route,M-24\US-24\US-24BR,50,Uncoded & errors,Suspected minor injury (B),Signal,Not physically divided (two-way trafficway),Single motor vehicle
2006,January,2,6:00 PM - 7:00 PM,Wayne County: Dearborn,Not intersection crash,Not hit-and-run,Dark lighted,"County road, city street, or unknown",Local road or unknown,35,Uncoded & errors,Possible injury (C),None,Uncoded & errors,Single motor vehicle
2006,December,26,7:00 PM - 8:00 PM,Wayne County: Detroit,Not intersection crash,Not hit-and-run,Dark lighted,"County road, city street, or unknown",Local road or unknown,Uncoded & errors,Uncoded & errors,No injury (O),Uncoded & errors,Uncoded & errors,Single motor vehicle
2006,November,8,10:00 AM - 11:00 AM,Wayne County: Detroit,Not intersection crash,Hit-and-run,Daylight,Interstate business loop or spur,I-375,30,Uncoded & errors,Possible injury (C),None,Uncoded & errors,Single motor vehicle
2006,May,16,10:00 PM - 11:00 PM,Wayne County: Detroit,Intersection crash,Hit-and-run,Dark lighted,"County road, city street, or unknown",Local road or unknown,30,Uncoded & errors,No injury (O),Uncoded & errors,Uncoded & errors,Single motor vehicle
2006,April,19,11:00 AM - 12:00 noon,Wayne County: Detroit,Not intersection crash,Hit-and-run,Daylight,"County road, city street, or unknown",Local road or unknown,25,Uncoded & errors,No injury (O),None,Not physically divided (two-way trafficway),Other / unknown
2006,January,22,2:00 AM - 3:00 AM,Wayne County: Canton Twp.,Not intersection crash,Not hit-and-run,Dark unlighted,Michigan route,M-153,45,Uncoded & errors,Possible injury (C),None,Not physically divided (two-way trafficway),Other / unknown
2006,October,27,7:00 PM - 8:00 PM,Wayne County: Highland Park,Intersection crash,Not hit-and-run,Dark lighted,Michigan route,M-1,30,Uncoded & errors,Possible injury (C),Signal,Not physically divided (two-way trafficway),Single motor vehicle
2006,April,12,4:00 PM - 5:00 PM,Wayne County: Detroit,Not intersection crash,Not hit-and-run,Daylight,"County road, city street, or unknown",Local road or unknown,30,Uncoded & errors,No injury (O),None,Not physically divided (two-way trafficway),Single motor vehicle
2006,November,1,3:00 PM - 4:00 PM,Wayne County: Wood Haven,Not intersection crash,Not hit-and-run,Daylight,"County road, city street, or unknown",Local road or unknown,25,Uncoded & errors,No injury (O),None,Not physically divided (two-way trafficway),Other / unknown
2006,April,8,10:00 PM - 11:00 PM,Wayne County: Detroit,Intersection crash,Not hit-and-run,Dark lighted,Michigan route,M-5,35,Uncoded & errors,Fatal injury (K),Signal,Not physically divided (two-way trafficway),Single motor vehicle
2006,June,1,7:00 PM - 8:00 PM,Wayne County: Detroit,Not intersection crash,Not hit-and-run,Daylight,Michigan route,M-1,30,Uncoded & errors,Possible injury (C),None,Uncoded & errors,Single motor vehicle
2006,February,23,5:00 PM - 6:00 PM,Wayne County: Detroit,Not intersection crash,Hit-and-run,Daylight,"County road, city street, or unknown",Local road or unknown,25,Uncoded & errors,Suspected serious injury (A),None,Not physically divided (two-way trafficway),Single motor vehicle
2006,January,31,7:00 AM - 8:00 AM,Wayne County: Detroit,Intersection crash,Hit-and-run,Dark lighted,"County road, city street, or unknown",Local road or unknown,Uncoded & errors,Uncoded & errors,Suspected serious injury (A),Signal,"Divided highway, median strip, without traffic barrier",Other / unknown
2006,March,15,2:00 PM - 3:00 PM,Wayne County: Detroit,Intersection crash,Not hit-and-run,Daylight,"County road, city street, or unknown",Local road or unknown,30,Uncoded & errors,Possible injury (C),None,Uncoded & errors,Single motor vehicle
2006,October,14,5:00 PM - 6:00 PM,Wayne County: Detroit,Not intersection crash,Hit-and-run,Daylight,"County road, city street, or unknown",Local road or unknown,25,Uncoded & errors,Suspected minor injury (B),None,Not physically divided (two-way trafficway),Single motor vehicle
2006,August,26,7:00 PM - 8:00 PM,Wayne County: Dearborn,Not intersection crash,Not hit-and-run,Daylight,"County road, city street, or unknown",Local road or unknown,25,Uncoded & errors,Suspected minor injury (B),None,Uncoded & errors,Single motor vehicle
2006,July,16,4:00 PM - 5:00 PM,Wayne County: Detroit,Not intersection crash,Not hit-and-run,Daylight,"County road, city street, or unknown",Local road or unknown,25,Uncoded & errors,Possible injury (C),None,Uncoded & errors,Single motor vehicle
2006,February,25,1:00 PM - 2:00 PM,Wayne County: Southgate,Not intersection crash,Not hit-and-run,Daylight,"County road, city street, or unknown",Local road or unknown,25,Uncoded & errors,Suspected serious injury (A),None,Not physically divided (two-way trafficway),Single motor vehicle
2006,September,6,3:00 PM - 4:00 PM,Wayne County: Detroit,Not intersection crash,Not hit-and-run,Daylight,"County road, city street, or unknown",Local road or unknown,25,Uncoded & errors,No injury (O),None,Not physically divided (two-way trafficway),Single motor vehicle
2006,November,11,8:00 PM - 9:00 PM,Wayne County: Detroit,Not intersection crash,Not hit-and-run,Dark lighted,"County road, city street, or unknown",Local road or unknown,15,Uncoded & errors,No injury (O),None,Not physically divided (two-way trafficway),Single motor vehicle
2006,January,1,1:00 AM - 2:00 AM,Wayne County: Detroit,Intersection crash,Hit-and-run,Uncoded & errors,"County road, city street, or unknown",Local road or unknown,30,Uncoded & errors,Possible injury (C),None,Uncoded & errors,Other / unknown
2006,June,25,2:00 AM - 3:00 AM,Wayne County: Detroit,Not intersection crash,Hit-and-run,Dark lighted,"County road, city street, or unknown",Local road or unknown,25,Uncoded & errors,Fatal injury (K),None,Not physically divided (two-way trafficway),Single motor vehicle
2006,September,25,6:00 AM - 7:00 AM,Wayne County: Westland,Not intersection crash,Not hit-and-run,Dark lighted,"County road, city street, or unknown",Local road or unknown,35,Uncoded & errors,Possible injury (C),Signal,Not physically divided (two-way trafficway),Single motor vehicle
2006,January,13,11:00 PM - 12:00 midnight,Wayne County: Detroit,Not intersection crash,Not hit-and-run,Dark lighted,"County road, city street, or unknown",Local road or unknown,20,Uncoded & errors,Suspected serious injury (A),None,Not physically divided (two-way trafficway),Single motor vehicle
2006,November,9,7:00 AM - 8:00 AM,Wayne County: Detroit,Intersection crash,Hit-and-run,Daylight,"County road, city street, or unknown",Local road or unknown,25,Uncoded & errors,No injury (O),Stop sign,Not physically divided (two-way trafficway),Sideswipe same direction
2006,May,8,5:00 PM - 6:00 PM,Wayne County: Detroit,Not intersection crash,Not hit-and-run,Daylight,Connector,M-23\US-23\US-23R,Uncoded & errors,Uncoded & errors,Suspected serious injury (A),None,Uncoded & errors,Single motor vehicle
2006,November,22,1:00 PM - 2:00 PM,Wayne County: Detroit,Intersection crash,Not hit-and-run,Daylight,Michigan route,M-8\US-8,35,Uncoded & errors,Suspected minor injury (B),None,Uncoded & errors,Sideswipe same direction
2006,June,25,5:00 PM - 6:00 PM,Wayne County: Detroit,Not intersection crash,Not hit-and-run,Daylight,"County road, city street, or unknown",Local road or unknown,25,Uncoded & errors,Suspected serious injury (A),None,Not physically divided (two-way trafficway),Single motor vehicle
2006,April,12,4:00 AM - 5:00 AM,Wayne County: Detroit,Intersection crash,Not hit-and-run,Dark unlighted,Michigan route,M-96\I-96\I-96BS,25,Uncoded & errors,No injury (O),Stop sign,Not physically divided (two-way trafficway),Single motor vehicle
2006,February,4,2:00 PM - 3:00 PM,Wayne County: Detroit,Not intersection crash,Not hit-and-run,Daylight,"County road, city street, or unknown",Local road or unknown,30,Uncoded & errors,Possible injury (C),None,Uncoded & errors,Other / unknown
2006,October,20,9:00 PM - 10:00 PM,Wayne County: Detroit,Not intersection crash,Hit-and-run,Dark lighted,"County road, city street, or unknown",Local road or unknown,25,Uncoded & errors,Suspected minor injury (B),None,One-way trafficway,Single motor vehicle
2006,January,17,7:00 AM - 8:00 AM,Wayne County: Flat Rock,Not intersection crash,Not hit-and-run,Daylight,"County road, city street, or unknown",Local road or unknown,25,Uncoded & errors,Possible injury (C),Stop sign,Not physically divided (two-way trafficway),Single motor vehicle
2006,August,19,2:00 AM - 3:00 AM,Wayne County: Detroit,Not intersection crash,Hit-and-run,Dark lighted,"County road, city street, or unknown",Local road or unknown,30,Uncoded & errors,Fatal injury (K),None,"Divided highway, median strip, with traffic barrier",Sideswipe opposite direction
2006,September,22,8:00 PM - 9:00 PM,Wayne County: Detroit,Not intersection crash,Hit-and-run,Dark lighted,"County road, city street, or unknown",Local road or unknown,Uncoded & errors,Uncoded & errors,Possible injury (C),None,Uncoded & errors,Single motor vehicle
2006,November,12,8:00 PM - 9:00 PM,Wayne County: Detroit,Not intersection crash,Not hit-and-run,Dark lighted,"County road, city street, or unknown",Local road or unknown,30,Uncoded & errors,Suspected minor injury (B),None,Not physically divided (two-way trafficway),Single motor vehicle
2006,May,7,1:00 AM - 2:00 AM,Wayne County: Detroit,Intersection crash,Not hit-and-run,Dark unlighted,"County road, city street, or unknown",Local road or unknown,Uncoded & errors,Uncoded & errors,Suspected minor injury (B),Uncoded & errors,Uncoded & errors,Other / unknown
2006,July,10,3:00 PM - 4:00 PM,Wayne County: Hamtramck,Not intersection crash,Not hit-and-run,Daylight,"County road, city street, or unknown",Local road or unknown,25,Uncoded & errors,Suspected minor injury (B),None,Not physically divided (two-way trafficway),Single motor vehicle
2006,November,26,9:00 AM - 10:00 AM,Wayne County: Dearborn,Intersection crash,Not hit-and-run,Daylight,U.S. route,M-24\US-24\US-24BR,45,Uncoded & errors,Suspected minor injury (B),Signal,Not physically divided (two-way trafficway),Other / unknown
2006,June,19,8:00 AM - 9:00 AM,Wayne County: Canton Twp.,Intersection crash,Not hit-and-run,Daylight,Michigan route,M-153,45,Uncoded & errors,Suspected minor injury (B),Signal,Not physically divided (two-way trafficway),Single motor vehicle
2006,October,15,10:00 AM - 11:00 AM,Wayne County: Lincoln Park,Intersection crash,Not hit-and-run,Daylight,"County road, city street, or unknown",Local road or unknown,25,Uncoded & errors,Possible injury (C),Stop sign,Not physically divided (two-way trafficway),Single motor vehicle
2006,July,18,10:00 PM - 11:00 PM,Wayne County: Detroit,Not intersection crash,Hit-and-run,Dark unlighted,"County road, city street, or unknown",Local road or unknown,25,Uncoded & errors,Possible injury (C),None,Not physically divided (two-way trafficway),Single motor vehicle
2006,January,27,6:00 PM - 7:00 PM,Wayne County: Detroit,Not intersection crash,Not hit-and-run,Dark lighted,"County road, city street, or unknown",Local road or unknown,35,Uncoded & errors,Suspected serious injury (A),None,Uncoded & errors,Single motor vehicle
2006,September,13,12:00 noon - 1:00 PM,Wayne County: Dearborn,Not intersection crash,Not hit-and-run,Daylight,U.S. route,M-12\US-12\US-12BL\US-12BR,35,Uncoded & errors,Suspected minor injury (B),None,Not physically divided (two-way trafficway),Single motor vehicle
2006,September,20,8:00 AM - 9:00 AM,Wayne County: Dearborn,Intersection crash,Not hit-and-run,Daylight,"County road, city street, or unknown",Local road or unknown,25,Uncoded & errors,Possible injury (C),Stop sign,Uncoded & errors,Other / unknown
2006,December,12,6:00 PM - 7:00 PM,Wayne County: Taylor,Not intersection crash,Not hit-and-run,Dark lighted,U.S. route,M-24\US-24\US-24BR,45,Uncoded & errors,Possible injury (C),None,"Divided highway, median strip, without traffic barrier",Single motor vehicle
2006,July,27,9:00 PM - 10:00 PM,Wayne County: Detroit,Intersection crash,Not hit-and-run,Dark lighted,"County road, city street, or unknown",Local road or unknown,30,Uncoded & errors,Suspected serious injury (A),None,Not physically divided (two-way trafficway),Single motor vehicle
2006,August,7,12:00 noon - 1:00 PM,Wayne County: Harper Woods,Not intersection crash,Not hit-and-run,Daylight,"County road, city street, or unknown",Local road or unknown,25,Uncoded & errors,No injury (O),None,Not physically divided (two-way trafficway),Other / unknown
2006,October,13,3:00 PM - 4:00 PM,Wayne County: River Rouge,Not intersection crash,Not hit-and-run,Daylight,"County road, city street, or unknown",Local road or unknown,25,Uncoded & errors,Suspected serious injury (A),None,Not physically divided (two-way trafficway),Single motor vehicle
2006,December,1,7:00 AM - 8:00 AM,Wayne County: Dearborn Heights,Intersection crash,Not hit-and-run,Dark lighted,"County road, city street, or unknown",Local road or unknown,25,Uncoded & errors,Possible injury (C),Stop sign,Uncoded & errors,Single motor vehicle
2006,April,2,10:00 PM - 11:00 PM,Wayne County: Detroit,Not intersection crash,Hit-and-run,Dark lighted,"County road, city street, or unknown",Local road or unknown,Uncoded & errors,Uncoded & errors,Suspected minor injury (B),None,Uncoded & errors,Single motor vehicle
2006,December,1,7:00 AM - 8:00 AM,Wayne County: Grosse Pointe Farms,Intersection crash,Not hit-and-run,Dark lighted,"County road, city street, or unknown",Local road or unknown,30,Uncoded & errors,Possible injury (C),Signal,"Divided highway, median strip, without traffic barrier",Single motor vehicle
2006,August,8,11:00 AM - 12:00 noon,Wayne County: Detroit,Not intersection crash,Not hit-and-run,Dusk,"County road, city street, or unknown",Local road or unknown,35,Uncoded & errors,No injury (O),Signal,Uncoded & errors,Other / unknown
2006,November,9,4:00 PM - 5:00 PM,Wayne County: Detroit,Intersection crash,Not hit-and-run,Daylight,"County road, city street, or unknown",Local road or unknown,30,Uncoded & errors,Suspected minor injury (B),Signal,Not physically divided (two-way trafficway),Single motor vehicle
2006,May,7,10:00 PM - 11:00 PM,Wayne County: Detroit,Not intersection crash,Hit-and-run,Dark lighted,Michigan route,M-96\I-96\I-96BS,35,Uncoded & errors,Suspected minor injury (B),None,Not physically divided (two-way trafficway),Single motor vehicle
2006,February,10,8:00 AM - 9:00 AM,Wayne County: Detroit,Not intersection crash,Not hit-and-run,Uncoded & errors,Michigan route,M-53,35,Uncoded & errors,Possible injury (C),Signal,Not physically divided (two-way trafficway),Single motor vehicle
2006,August,28,8:00 AM - 9:00 AM,Wayne County: Detroit,Intersection crash,Not hit-and-run,Daylight,"County road, city street, or unknown",Local road or unknown,30,Uncoded & errors,Suspected minor injury (B),None,"Divided highway, median strip, without traffic barrier",Other / unknown
2006,April,13,2:00 PM - 3:00 PM,Wayne County: Detroit,Not intersection crash,Hit-and-run,Daylight,"County road, city street, or unknown",Local road or unknown,Uncoded & errors,Uncoded & errors,Suspected minor injury (B),None,Uncoded & errors,Single motor vehicle
2006,July,15,6:00 PM - 7:00 PM,Wayne County: Detroit,Not intersection crash,Hit-and-run,Daylight,"County road, city street, or unknown",Local road or unknown,25,Uncoded & errors,Suspected serious injury (A),None,Uncoded & errors,Other / unknown
2006,October,9,9:00 PM - 10:00 PM,Wayne County: Detroit,Not intersection crash,Hit-and-run,Dark unlighted,"County road, city street, or unknown",Local road or unknown,35,Uncoded & errors,Suspected serious injury (A),Signal,Uncoded & errors,Other / unknown
2006,October,20,3:00 PM - 4:00 PM,Wayne County: Detroit,Not intersection crash,Not hit-and-run,Daylight,"County road, city street, or unknown",Local road or unknown,30,Uncoded & errors,No injury (O),None,Uncoded & errors,Single motor vehicle
2006,January,27,1:00 PM - 2:00 PM,Wayne County: Hamtramck,Intersection crash,Hit-and-run,Daylight,Interstate route,M-75\I-75\I-75BL\I-75BS,25,Uncoded & errors,Possible injury (C),Signal,Uncoded & errors,Other / unknown
2006,July,24,8:00 AM - 9:00 AM,Wayne County: Detroit,Intersection crash,Not hit-and-run,Daylight,"County road, city street, or unknown",Local road or unknown,30,Uncoded & errors,Fatal injury (K),Signal,Not physically divided (two-way trafficway),Single motor vehicle
2006,November,18,12:00 midnight - 1:00 AM,Wayne County: Hamtramck,Not intersection crash,Not hit-and-run,Dark lighted,"County road, city street, or unknown",Local road or unknown,25,Uncoded & errors,Possible injury (C),None,Not physically divided (two-way trafficway),Single motor vehicle
2006,April,22,1:00 PM - 2:00 PM,Wayne County: Detroit,Intersection crash,Not hit-and-run,Daylight,"County road, city street, or unknown",Local road or unknown,30,Uncoded & errors,Suspected minor injury (B),None,Not physically divided (two-way trafficway),Other / unknown
2006,January,14,12:00 noon - 1:00 PM,Wayne County: Detroit,Intersection crash,Not hit-and-run,Dark lighted,"County road, city street, or unknown",Local road or unknown,25,Uncoded & errors,Suspected minor injury (B),None,Not physically divided (two-way trafficway),Single motor vehicle
2006,May,10,8:00 PM - 9:00 PM,Wayne County: Detroit,Not intersection crash,Not hit-and-run,Dusk,"County road, city street, or unknown",Local road or unknown,25,Uncoded & errors,Suspected minor injury (B),None,Uncoded & errors,Single motor vehicle
2006,March,17,4:00 PM - 5:00 PM,Wayne County: Detroit,Not intersection crash,Not hit-and-run,Daylight,Michigan route,M-102\US-102,35,Uncoded & errors,Possible injury (C),None,Not physically divided (two-way trafficway),Single motor vehicle
2006,September,16,8:00 PM - 9:00 PM,Wayne County: Detroit,Intersection crash,Hit-and-run,Other / unknown,"County road, city street, or unknown",Local road or unknown,30,Uncoded & errors,Possible injury (C),None,Not physically divided (two-way trafficway),Other / unknown
2006,December,6,5:00 PM - 6:00 PM,Wayne County: Detroit,Not intersection crash,Not hit-and-run,Dark lighted,Michigan route,M-3,35,Uncoded & errors,Possible injury (C),None,Not physically divided (two-way trafficway),Single motor vehicle
2006,December,2,8:00 PM - 9:00 PM,Wayne County: Detroit,Not intersection crash,Not hit-and-run,Dark lighted,"County road, city street, or unknown",Local road or unknown,35,Uncoded & errors,Possible injury (C),Uncoded & errors,Uncoded & errors,Single motor vehicle
2006,January,17,8:00 PM - 9:00 PM,Wayne County: Wood Haven,Not intersection crash,Not hit-and-run,Dark unlighted,"County road, city street, or unknown",Local road or unknown,45,Uncoded & errors,Suspected minor injury (B),None,Not physically divided (two-way trafficway),Single motor vehicle
2006,May,13,4:00 AM - 5:00 AM,Wayne County: Detroit,Intersection crash,Not hit-and-run,Dark lighted,Michigan route,M-5,35,Uncoded & errors,Suspected serious injury (A),Signal,Uncoded & errors,Other / unknown
2006,September,6,3:00 PM - 4:00 PM,Wayne County: Grosse Pointe Woods,Not intersection crash,Not hit-and-run,Uncoded & errors,"County road, city street, or unknown",Local road or unknown,25,Uncoded & errors,Possible injury (C),None,Not physically divided (two-way trafficway),Other / unknown
2006,February,5,2:00 AM - 3:00 AM,Wayne County: Detroit,Not intersection crash,Not hit-and-run,Dark lighted,Interstate business loop or spur,I-375,30,Uncoded & errors,Suspected serious injury (A),Signal,One-way trafficway,Single motor vehicle
2006,October,16,5:00 AM - 6:00 AM,Wayne County: Highland Park,Intersection crash,Not hit-and-run,Dark unlighted,Michigan route,M-1,35,Uncoded & errors,Suspected minor injury (B),Signal,Not physically divided (two-way trafficway),Single motor vehicle
2006,May,30,4:00 PM - 5:00 PM,Wayne County: Detroit,Not intersection crash,Hit-and-run,Daylight,"County road, city street, or unknown",Local road or unknown,30,Uncoded & errors,No injury (O),None,Uncoded & errors,Other / unknown
2006,October,17,3:00 PM - 4:00 PM,Wayne County: Dearborn,Intersection crash,Not hit-and-run,Daylight,"County road, city street, or unknown",Local road or unknown,25,Uncoded & errors,Suspected minor injury (B),None,Not physically divided (two-way trafficway),Other / unknown
2006,December,11,4:00 PM - 5:00 PM,Wayne County: Detroit,Not intersection crash,Not hit-and-run,Daylight,"County road, city street, or unknown",Local road or unknown,25,Uncoded & errors,Suspected minor injury (B),None,Not physically divided (two-way trafficway),Single motor vehicle
2006,March,26,6:00 PM - 7:00 PM,Wayne County: Detroit,Not intersection crash,Not hit-and-run,Daylight,"County road, city street, or unknown",Local road or unknown,25,Uncoded & errors,Suspected serious injury (A),None,Not physically divided (two-way trafficway),Single motor vehicle
2006,September,9,7:00 PM - 8:00 PM,Wayne County: Detroit,Not intersection crash,Not hit-and-run,Dusk,Michigan route,M-39,55,Uncoded & errors,Possible injury (C),None,"Divided highway, median strip, with traffic barrier",Sideswipe same direction
2006,December,21,9:00 PM - 10:00 PM,Wayne County: Detroit,Intersection crash,Hit-and-run,Dark lighted,U.S. route,M-12\US-12\US-12BL\US-12BR,35,Uncoded & errors,Possible injury (C),Signal,Uncoded & errors,Single motor vehicle
2006,December,21,7:00 AM - 8:00 AM,Wayne County: Detroit,Intersection crash,Not hit-and-run,Dark lighted,Michigan route,M-3,35,Uncoded & errors,Suspected minor injury (B),None,Not physically divided (two-way trafficway),Sideswipe same direction
2006,October,29,4:00 PM - 5:00 PM,Wayne County: Detroit,Intersection crash,Hit-and-run,Daylight,Michigan route,M-3,Uncoded & errors,Uncoded & errors,Possible injury (C),Stop sign,Not physically divided (two-way trafficway),Single motor vehicle
2006,March,4,3:00 PM - 4:00 PM,Wayne County: Detroit,Intersection crash,Hit-and-run,Daylight,"County road, city street, or unknown",Local road or unknown,35,Uncoded & errors,Possible injury (C),Stop sign,Not physically divided (two-way trafficway),Other / unknown
2006,May,6,11:00 PM - 12:00 midnight,Wayne County: Detroit,Not intersection crash,Hit-and-run,Dark lighted,"County road, city street, or unknown",Local road or unknown,25,Uncoded & errors,Possible injury (C),None,Uncoded & errors,Other / unknown
2006,July,28,8:00 AM - 9:00 AM,Wayne County: Grosse Pointe Farms,Intersection crash,Not hit-and-run,Daylight,"County road, city street, or unknown",Local road or unknown,25,Uncoded & errors,Suspected serious injury (A),None,Not physically divided (two-way trafficway),Other / unknown
2006,December,18,5:00 PM - 6:00 PM,Wayne County: Detroit,Intersection crash,Not hit-and-run,Dark lighted,"County road, city street, or unknown",Local road or unknown,30,Uncoded & errors,Possible injury (C),None,Not physically divided (two-way trafficway),Single motor vehicle
2006,March,30,5:00 PM - 6:00 PM,Wayne County: Wayne,Intersection crash,Hit-and-run,Daylight,"County road, city street, or unknown",Local road or unknown,40,Uncoded & errors,Possible injury (C),Signal,Not physically divided (two-way trafficway),Single motor vehicle
2006,October,11,2:00 PM - 3:00 PM,Wayne County: Redford Twp.,Not intersection crash,Not hit-and-run,Daylight,Interstate route,M-96\I-96\I-96BS,70,Uncoded & errors,Suspected serious injury (A),None,"Divided highway, median strip, with traffic barrier",Rear-end
2006,January,17,7:00 PM - 8:00 PM,Wayne County: Livonia,Not intersection crash,Not hit-and-run,Dark lighted,Michigan route,M-14\M-14old,40,Uncoded & errors,Fatal injury (K),None,Not physically divided (two-way trafficway),Single motor vehicle
2006,July,25,4:00 PM - 5:00 PM,Wayne County: Detroit,Intersection crash,Not hit-and-run,Daylight,"County road, city street, or unknown",Local road or unknown,25,Uncoded & errors,Possible injury (C),None,Not physically divided (two-way trafficway),Single motor vehicle
2006,August,2,1:00 AM - 2:00 AM,Wayne County: Detroit,Not intersection crash,Not hit-and-run,Dark lighted,"County road, city street, or unknown",Local road or unknown,30,Uncoded & errors,Fatal injury (K),None,Not physically divided (two-way trafficway),Single motor vehicle
2006,January,6,3:00 PM - 4:00 PM,Wayne County: Detroit,Not intersection crash,Not hit-and-run,Daylight,"County road, city street, or unknown",Local road or unknown,25,Uncoded & errors,Suspected minor injury (B),Signal,One-way trafficway,Single motor vehicle
2006,May,20,1:00 PM - 2:00 PM,Wayne County: Detroit,Not intersection crash,Not hit-and-run,Daylight,"County road, city street, or unknown",Local road or unknown,25,Uncoded & errors,Possible injury (C),None,Not physically divided (two-way trafficway),Single motor vehicle
2006,April,9,4:00 PM - 5:00 PM,Wayne County: Detroit,Not intersection crash,Not hit-and-run,Daylight,"County road, city street, or unknown",Local road or unknown,Uncoded & errors,Uncoded & errors,Possible injury (C),None,Uncoded & errors,Single motor vehicle
2006,October,26,11:00 AM - 12:00 noon,Wayne County: Detroit,Not intersection crash,Not hit-and-run,Daylight,"County road, city street, or unknown",Local road or unknown,30,Uncoded & errors,Suspected minor injury (B),None,"Divided highway, median strip, without traffic barrier",Single motor vehicle
2006,August,19,8:00 PM - 9:00 PM,Wayne County: Detroit,Not intersection crash,Hit-and-run,Dusk,"County road, city street, or unknown",Local road or unknown,25,Uncoded & errors,No injury (O),None,Not physically divided (two-way trafficway),Single motor vehicle
2006,May,6,11:00 PM - 12:00 midnight,Wayne County: Westland,Intersection crash,Not hit-and-run,Dark lighted,"County road, city street, or unknown",Local road or unknown,40,Uncoded & errors,Suspected serious injury (A),Signal,Not physically divided (two-way trafficway),Single motor vehicle
2006,September,13,6:00 PM - 7:00 PM,Wayne County: Detroit,Not intersection crash,Not hit-and-run,Daylight,"County road, city street, or unknown",Local road or unknown,30,Uncoded & errors,Possible injury (C),None,Not physically divided (two-way trafficway),Single motor vehicle
2006,May,6,4:00 AM - 5:00 AM,Wayne County: Detroit,Not intersection crash,Hit-and-run,Dark lighted,U.S. route,M-24\US-24\US-24BR,45,Uncoded & errors,Suspected serious injury (A),None,Uncoded & errors,Single motor vehicle